{"train/loss":0.08,"train_samples_per_second":27.644,"train_steps_per_second":3.456,"total_flos":8.17481524885586e+16,"_step":3,"train/epoch":3,"train_loss":0.07999993324279785,"_runtime":43.09897098,"train_runtime":43.4085,"_wandb":{"runtime":44},"_timestamp":1.749497544890358e+09,"train/grad_norm":0,"train/learning_rate":4.000000000000001e-06,"train/global_step":150}