{"_timestamp":1.7495752543599207e+09,"train_runtime":36.5747,"train_samples_per_second":32.81,"train_loss":0.7999992370605469,"train/loss":0.8,"train_steps_per_second":4.101,"_wandb":{"runtime":37},"_runtime":36.218866047,"_step":3,"train/learning_rate":4.000000000000001e-06,"train/epoch":3,"train/global_step":150,"total_flos":1.102841250840576e+17,"train/grad_norm":0}